source,month,total_spend,total_registrations,cac
google,01.01.2024,"2423,589",170,"14,256"
google,01.02.2024,"2412,559",172,"14,027"
google,01.03.2024,"2438,352",173,"14,095"
google,01.04.2024,"2270,429",161,"14,102"
google,01.05.2024,"2467,767",175,"14,102"
google,01.06.2024,"2280,441",162,"14,077"
google,01.07.2024,"706,857",50,"14,137"
meta,01.01.2024,"7906,875",2545,"3,107"
meta,01.02.2024,"7681,531",2475,"3,104"
meta,01.03.2024,"8275,108",2666,"3,104"
meta,01.04.2024,"7549,543",2432,"3,104"
meta,01.05.2024,"7945,47",2559,"3,105"
meta,01.06.2024,"6988,966",2252,"3,103"
meta,01.07.2024,"3652,519",1175,"3,109"
tiktok,01.01.2024,"2015,668",372,"5,418"
tiktok,01.02.2024,"2508,475",467,"5,371"
tiktok,01.03.2024,"2153,417",400,"5,384"
tiktok,01.04.2024,"2351,829",437,"5,382"
tiktok,01.05.2024,"2405,289",447,"5,381"
tiktok,01.06.2024,"2244,012",417,"5,381"
tiktok,01.07.2024,"1321,309",246,"5,371"