source,date,spend,impressions,clicks,installs,registrations
google,10.07.2024,"17,921",448,3,1,0
google,04.07.2024,"17,157",428,4,1,1
google,14.07.2024,"20,944",523,4,1,1
google,04.02.2024,"27,654",691,5,3,1
google,21.03.2024,"18,594",465,5,2,1
google,19.02.2024,"30,14",754,6,2,1
google,16.04.2024,"30,449",763,5,2,2
google,03.01.2024,"30,7",769,6,3,2
google,15.04.2024,"26,467",661,6,2,2
google,12.06.2024,"30,686",766,6,2,2
google,11.07.2024,"26,746",669,6,2,2
google,05.03.2024,"35,63",891,7,2,2
google,14.04.2024,"37,833",946,7,3,2
google,20.06.2024,"31,255",782,7,3,2
google,18.04.2024,"41,364",1034,8,2,2
google,06.07.2024,"40,186",1004,8,4,2
google,22.01.2024,"37,538",938,9,2,2
google,02.03.2024,"50,355",1258,9,3,2
google,31.05.2024,"40,547",1013,9,2,2
google,06.06.2024,"44,283",1108,9,3,2
google,08.02.2024,"50,284",1256,10,3,2
google,23.06.2024,"48,967",1224,11,2,2
google,25.01.2024,"27,577",690,5,3,3
google,19.04.2024,"26,214",655,5,3,3
google,07.02.2024,"27,787",696,6,3,3
google,18.02.2024,"35,158",878,7,2,3
google,15.03.2024,"44,121",1103,7,3,3
google,09.01.2024,"34,081",852,8,3,3
google,13.02.2024,"43,266",1082,8,4,3
google,02.05.2024,"36,345",909,8,3,3
google,12.05.2024,"44,549",1114,8,3,3
google,10.06.2024,"41,906",1048,8,2,3
google,28.06.2024,"38,873",973,8,2,3
google,08.01.2024,"50,093",1252,9,4,3
google,10.02.2024,"45,212",1132,9,3,3
google,25.04.2024,"46,778",1170,9,4,3
google,01.05.2024,"44,55",1113,9,3,3
google,02.06.2024,"46,594",1165,9,3,3
google,16.01.2024,"52,883",1322,10,5,3
google,19.01.2024,"47,979",1199,10,3,3
google,10.04.2024,"52,169",1305,10,4,3
google,11.05.2024,"40,595",1015,10,3,3
google,27.06.2024,"51,676",1292,10,4,3
google,30.06.2024,"48,538",1214,10,3,3
google,26.01.2024,"54,113",1352,11,3,3
google,30.01.2024,"50,798",1269,11,4,3
google,15.05.2024,"50,731",1269,11,5,3
google,02.01.2024,"64,739",1616,12,3,3
google,24.03.2024,"33,134",828,6,3,4
google,22.02.2024,"44,268",1106,8,3,4
google,01.06.2024,"44,375",1110,9,4,4
google,29.06.2024,"49,458",1235,9,5,4
google,20.01.2024,"52,4",1311,10,3,4
google,03.03.2024,"48,928",1223,10,3,4
google,13.07.2024,"53,31",1333,10,4,4
google,04.01.2024,"53,915",1347,11,3,4
google,05.04.2024,"55,952",1398,11,4,4
google,13.04.2024,"54,185",1354,11,4,4
google,17.05.2024,"52,554",1314,11,4,4
google,19.05.2024,"55,619",1390,11,5,4
google,29.05.2024,"53,455",1336,11,5,4
google,16.06.2024,"60,079",1503,11,5,4
google,01.07.2024,"55,558",1389,11,4,4
google,03.07.2024,"60,528",1513,11,5,4
google,08.07.2024,"52,074",1303,11,4,4
google,25.03.2024,"53,999",1351,12,4,4
google,26.03.2024,"61,329",1533,12,4,4
google,01.04.2024,"59,618",1490,12,4,4
google,03.05.2024,"66,963",1673,12,4,4
google,08.05.2024,"64,951",1623,12,5,4
google,10.05.2024,"65,61",1640,12,5,4
google,06.02.2024,"64,955",1623,13,5,4
google,21.02.2024,"63,069",1576,13,5,4
google,14.03.2024,"64,939",1623,13,4,4
google,28.03.2024,"58,099",1453,13,4,4
google,30.04.2024,"72,722",1819,14,5,4
google,03.06.2024,"65,608",1640,14,4,4
google,05.05.2024,"69,805",1746,15,5,4
google,28.01.2024,"76,989",1925,16,5,4
google,23.03.2024,"78,4",1960,16,6,4
tiktok,04.03.2024,"28,708",1304,20,7,4
google,27.01.2024,"54,251",1357,10,5,5
google,29.01.2024,"53,231",1331,10,4,5
google,14.01.2024,"61,09",1527,11,5,5
google,09.02.2024,"54,767",1369,11,4,5
google,04.05.2024,"52,554",1314,11,5,5
google,05.07.2024,"52,958",1325,11,4,5
google,19.06.2024,"62,173",1554,12,4,5
google,07.07.2024,"64,074",1601,12,3,5
google,29.02.2024,"74,334",1859,13,5,5
google,17.03.2024,"66,758",1669,13,5,5
google,27.03.2024,"72,886",1821,13,6,5
google,26.04.2024,"65,485",1636,13,4,5
google,21.05.2024,"64,171",1605,13,4,5
google,22.04.2024,"71,2",1780,14,5,5
google,28.04.2024,"65,467",1637,14,5,5
google,18.05.2024,"68,639",1716,14,5,5
google,11.06.2024,"70,119",1753,14,6,5
google,02.07.2024,"66,82",1671,14,5,5
google,07.01.2024,"73,985",1850,15,6,5
google,06.03.2024,"77,551",1938,15,7,5
google,25.06.2024,"75,125",1879,15,5,5
google,14.02.2024,"75,526",1887,16,5,5
google,16.03.2024,"78,646",1966,16,6,5
google,16.05.2024,"81,571",2039,16,5,5
tiktok,11.06.2024,"27,786",1263,18,6,5
tiktok,29.01.2024,"29,245",1329,19,6,5
tiktok,22.03.2024,"28,602",1300,20,6,5
tiktok,27.03.2024,"26,624",1211,20,5,5
tiktok,11.01.2024,"30,46",1383,21,7,5
google,24.06.2024,"55,872",1396,10,5,6
google,05.06.2024,"67,945",1699,13,5,6
google,31.03.2024,"77,222",1931,14,7,6
google,09.04.2024,"71,018",1774,14,6,6
google,05.01.2024,"79,58",1990,15,6,6
google,23.01.2024,"83,087",2077,15,6,6
google,07.03.2024,"72,633",1816,15,5,6
google,13.03.2024,"68,844",1721,15,6,6
google,29.04.2024,"77,27",1932,15,6,6
google,14.05.2024,"75,74",1893,15,6,6
google,21.01.2024,"82,264",2057,16,7,6
google,03.02.2024,"81,406",2034,16,6,6
google,17.02.2024,"80,602",2015,16,7,6
google,03.04.2024,"85,277",2132,16,7,6
google,09.07.2024,"77,775",1944,16,6,6
google,11.02.2024,"85,079",2126,17,6,6
google,28.02.2024,"80,186",2004,17,6,6
google,10.03.2024,"83,379",2084,17,5,6
google,29.03.2024,"84,786",2121,17,6,6
google,02.04.2024,"81,689",2042,17,6,6
google,12.04.2024,"86,519",2163,17,7,6
google,23.05.2024,"81,387",2035,17,6,6
tiktok,18.01.2024,"25,453",1156,17,4,6
google,19.03.2024,"89,176",2230,18,6,6
google,09.06.2024,"87,906",2198,18,8,6
google,24.02.2024,"91,817",2295,20,8,6
google,20.04.2024,"96,475",2412,20,7,6
google,13.06.2024,"99,037",2477,20,8,6
tiktok,24.05.2024,"30,617",1392,20,7,6
google,15.01.2024,"97,642",2442,21,6,6
tiktok,25.05.2024,"38,029",1728,27,7,6
google,02.02.2024,"74,202",1855,15,5,7
google,27.02.2024,"82,46",2063,17,7,7
google,06.05.2024,"85,569",2139,17,6,7
google,27.05.2024,"91,626",2290,17,7,7
google,14.06.2024,"92,072",2302,17,7,7
google,23.02.2024,"91,987",2300,18,7,7
google,01.03.2024,"84,844",2121,18,7,7
google,07.04.2024,"89,428",2236,18,7,7
google,17.04.2024,"89,04",2226,18,7,7
google,21.04.2024,"89,871",2246,18,6,7
google,20.05.2024,"94,975",2374,18,7,7
google,15.06.2024,"83,188",2079,18,5,7
google,22.06.2024,"87,101",2178,18,7,7
google,11.01.2024,"98,725",2469,19,8,7
google,22.03.2024,"96,756",2418,19,7,7
google,10.01.2024,"95,948",2399,20,6,7
google,04.03.2024,"96,168",2405,20,8,7
google,11.04.2024,"94,542",2364,20,6,7
google,24.04.2024,"96,017",2400,20,7,7
google,12.07.2024,"100,806",2520,20,8,7
tiktok,21.06.2024,"30,037",1366,20,6,7
google,11.03.2024,"104,662",2617,21,8,7
google,26.05.2024,"99,805",2496,21,7,7
tiktok,20.03.2024,"31,879",1450,21,6,7
google,01.02.2024,"108,077",2703,22,7,7
google,30.03.2024,"106,946",2673,22,7,7
google,04.04.2024,"104,642",2617,22,7,7
google,18.06.2024,"110,93",2773,22,7,7
google,26.06.2024,"106,564",2663,22,8,7
google,24.05.2024,"114,825",2870,23,10,7
tiktok,28.03.2024,"35,548",1616,23,8,7
tiktok,16.01.2024,"35,121",1597,24,8,7
tiktok,15.05.2024,"35,382",1609,24,8,7
tiktok,22.06.2024,"36,887",1676,24,8,7
tiktok,26.06.2024,"36,309",1651,24,9,7
tiktok,02.03.2024,"37,429",1701,25,8,7
tiktok,15.06.2024,"38,771",1761,26,8,7
tiktok,06.04.2024,"42,179",1917,29,10,7
tiktok,28.01.2024,"43,339",1971,31,10,7
google,18.01.2024,"98,799",2470,20,8,8
google,13.05.2024,"102,326",2558,20,7,8
google,05.02.2024,"103,486",2588,21,7,8
google,18.03.2024,"102,231",2556,21,8,8
google,09.05.2024,"104,231",2606,21,7,8
google,12.02.2024,"109,428",2736,22,8,8
google,06.04.2024,"114,979",2874,23,9,8
google,23.04.2024,"117,373",2935,23,9,8
google,17.06.2024,"112,458",2811,23,9,8
google,12.03.2024,"119,326",2984,24,9,8
google,07.05.2024,"116,428",2911,24,9,8
google,28.05.2024,"116,583",2915,24,8,8
google,24.01.2024,"118,198",2955,25,9,8
google,16.02.2024,"130,175",3255,26,10,8
tiktok,20.05.2024,"40,13",1825,27,9,8
tiktok,04.01.2024,"44,508",2024,30,10,8
tiktok,20.04.2024,"42,437",1929,30,8,8
tiktok,09.02.2024,"46,429",2110,32,9,8
tiktok,15.04.2024,"44,813",2037,32,9,8
tiktok,25.04.2024,"47,445",2157,32,10,8
tiktok,19.05.2024,"47,733",2169,32,10,8
google,09.03.2024,"113,634",2841,22,9,9
google,04.06.2024,"122,963",3074,24,10,9
google,06.01.2024,"125,737",3143,25,9,9
google,27.04.2024,"124,633",3116,25,10,9
google,21.06.2024,"129,046",3226,25,10,9
google,22.05.2024,"139,489",3487,27,10,9
tiktok,14.04.2024,"41,298",1876,28,9,9
tiktok,30.05.2024,"42,985",1954,29,9,9
tiktok,17.06.2024,"43,472",1976,29,8,9
tiktok,13.03.2024,"44,63",2029,31,9,9
tiktok,04.04.2024,"47,613",2163,33,10,9
tiktok,18.03.2024,"50,502",2296,34,11,9
tiktok,16.05.2024,"50,654",2302,35,11,9
tiktok,27.06.2024,"50,977",2317,36,10,9
google,20.02.2024,"130,068",3252,26,9,10
google,13.01.2024,"144,843",3620,28,11,10
google,31.01.2024,"148,197",3705,29,12,10
google,08.04.2024,"145,753",3644,29,10,10
google,08.03.2024,"149,896",3747,30,11,10
tiktok,05.04.2024,"48,306",2196,32,10,10
tiktok,14.06.2024,"48,21",2192,32,11,10
tiktok,22.04.2024,"47,985",2181,33,9,10
google,26.02.2024,"171,124",4278,34,12,10
tiktok,10.03.2024,"50,682",2304,34,11,10
tiktok,23.01.2024,"51,944",2361,36,12,10
tiktok,06.07.2024,"52,834",2401,36,11,10
tiktok,04.05.2024,"53,958",2452,37,11,10
tiktok,15.02.2024,"57,189",2599,38,12,10
tiktok,27.02.2024,"56,368",2564,38,11,10
tiktok,29.03.2024,"54,569",2479,38,11,10
tiktok,29.05.2024,"59,17",2690,41,12,10
google,25.02.2024,"139,31",3483,27,9,11
google,20.03.2024,"144,48",3612,28,10,11
google,25.05.2024,"141,248",3531,28,10,11
google,30.05.2024,"150,326",3758,29,11,11
google,07.06.2024,"152,272",3805,30,12,11
tiktok,09.06.2024,"52,718",2396,35,11,11
tiktok,30.01.2024,"52,41",2382,36,11,11
tiktok,24.06.2024,"53,468",2431,36,13,11
tiktok,12.01.2024,"53,044",2412,37,10,11
tiktok,02.02.2024,"54,435",2475,37,11,11
tiktok,07.02.2024,"54,892",2495,37,11,11
tiktok,09.04.2024,"54,205",2464,37,12,11
tiktok,08.01.2024,"55,593",2526,38,12,11
tiktok,12.07.2024,"56,077",2550,38,12,11
tiktok,03.01.2024,"55,802",2537,39,11,11
tiktok,27.05.2024,"59,909",2724,40,13,11
tiktok,05.06.2024,"59,52",2706,41,13,11
tiktok,21.01.2024,"61,396",2792,42,14,11
tiktok,01.03.2024,"60,521",2751,42,13,11
tiktok,25.03.2024,"60,141",2733,42,12,11
tiktok,31.05.2024,"60,885",2767,42,12,11
tiktok,25.06.2024,"61,682",2803,42,11,11
tiktok,24.01.2024,"63,007",2863,43,12,11
tiktok,08.03.2024,"62,728",2852,43,13,11
tiktok,26.03.2024,"65,8",2991,43,15,11
tiktok,10.04.2024,"62,66",2847,43,13,11
tiktok,23.04.2024,"64,657",2940,43,15,11
tiktok,03.04.2024,"64,357",2926,44,13,11
tiktok,23.06.2024,"65,67",2985,46,13,11
google,17.01.2024,"163,851",4095,33,12,12
google,08.06.2024,"163,372",4085,34,11,12
tiktok,24.03.2024,"58,223",2646,39,12,12
tiktok,03.03.2024,"59,891",2723,41,12,12
tiktok,10.01.2024,"62,723",2852,42,12,12
tiktok,31.03.2024,"62,546",2843,42,12,12
tiktok,13.07.2024,"62,936",2860,43,14,12
tiktok,20.01.2024,"63,287",2877,44,13,12
tiktok,07.03.2024,"62,975",2862,44,13,12
tiktok,05.07.2024,"64,331",2924,44,15,12
tiktok,16.04.2024,"66,318",3015,45,14,12
tiktok,18.06.2024,"65,691",2986,45,14,12
tiktok,30.06.2024,"65,608",2982,45,13,12
tiktok,07.01.2024,"66,58",3026,46,14,12
tiktok,07.06.2024,"67,743",3079,46,15,12
tiktok,03.02.2024,"67,881",3086,47,15,12
tiktok,17.03.2024,"69,174",3145,48,15,12
tiktok,20.06.2024,"69,706",3168,48,15,12
tiktok,13.02.2024,"72,318",3286,50,15,12
tiktok,26.04.2024,"66,059",3003,45,13,13
tiktok,07.05.2024,"65,128",2961,45,14,13
tiktok,11.02.2024,"68,187",3100,46,14,13
tiktok,09.05.2024,"67,829",3084,47,15,13
tiktok,17.02.2024,"72,41",3292,49,15,13
tiktok,03.05.2024,"73,459",3340,49,16,13
tiktok,05.01.2024,"73,095",3322,50,15,13
tiktok,10.02.2024,"73,482",3339,50,16,13
tiktok,13.01.2024,"72,828",3309,51,17,13
tiktok,26.01.2024,"70,633",3211,49,15,14
tiktok,10.07.2024,"72,891",3313,49,16,14
tiktok,12.05.2024,"75,505",3432,50,15,14
tiktok,18.05.2024,"73,047",3321,50,15,14
tiktok,06.03.2024,"74,24",3375,51,16,14
tiktok,19.03.2024,"74,032",3364,51,16,14
tiktok,30.04.2024,"75,018",3411,51,16,14
tiktok,07.07.2024,"75,267",3421,51,16,14
tiktok,30.03.2024,"79,011",3592,54,17,14
tiktok,31.01.2024,"80,57",3662,55,17,14
tiktok,02.01.2024,"84,27",3828,56,17,14
meta,27.01.2024,"46,115",3295,39,16,15
google,12.01.2024,"210,356",5259,43,15,15
tiktok,14.02.2024,"69,85",3175,48,15,15
tiktok,09.03.2024,"76,243",3465,51,16,15
tiktok,18.02.2024,"78,959",3588,53,18,15
tiktok,26.02.2024,"77,376",3516,53,16,15
tiktok,29.06.2024,"78,304",3559,53,17,15
tiktok,15.01.2024,"81,346",3697,54,16,15
tiktok,28.04.2024,"79,538",3615,54,17,15
tiktok,08.02.2024,"80,871",3677,55,18,15
tiktok,19.04.2024,"80,622",3665,55,17,15
tiktok,02.06.2024,"79,684",3622,55,16,15
tiktok,09.01.2024,"82,055",3731,56,18,15
tiktok,08.05.2024,"82,61",3755,56,17,15
tiktok,17.01.2024,"82,553",3753,57,18,15
tiktok,29.04.2024,"82,178",3735,57,18,15
tiktok,16.06.2024,"82,237",3739,57,18,15
tiktok,03.06.2024,"85,685",3893,58,19,15
tiktok,12.03.2024,"85,943",3907,59,19,15
tiktok,25.02.2024,"87,079",3958,60,19,15
tiktok,08.04.2024,"88,316",4016,60,19,15
google,15.02.2024,"216,732",5419,43,16,16
tiktok,04.02.2024,"79,872",3630,54,17,16
tiktok,22.01.2024,"82,368",3743,55,17,16
tiktok,05.05.2024,"80,782",3672,56,16,16
tiktok,24.02.2024,"85,261",3875,57,18,16
tiktok,17.04.2024,"84,863",3857,57,18,16
tiktok,28.02.2024,"84,3",3832,58,19,16
tiktok,14.01.2024,"88,368",4018,60,19,16
tiktok,21.03.2024,"88,001",3999,60,17,16
tiktok,19.06.2024,"87,53",3979,60,19,16
tiktok,16.03.2024,"91,041",4138,62,19,16
tiktok,13.04.2024,"92,465",4204,63,20,16
tiktok,22.05.2024,"93,265",4240,63,19,16
tiktok,15.03.2024,"82,476",3748,56,17,17
tiktok,26.05.2024,"87,743",3989,59,19,17
tiktok,06.01.2024,"90,81",4128,60,19,17
tiktok,21.05.2024,"86,477",3929,60,19,17
tiktok,05.03.2024,"91,242",4147,61,19,17
tiktok,02.04.2024,"90,028",4093,61,19,17
tiktok,11.04.2024,"88,442",4021,61,19,17
tiktok,02.07.2024,"91,885",4177,62,19,17
tiktok,06.05.2024,"94,123",4277,63,20,17
tiktok,13.05.2024,"91,563",4162,63,20,17
tiktok,06.02.2024,"95,022",4319,65,20,17
tiktok,19.01.2024,"97,852",4447,66,21,17
tiktok,19.02.2024,"97,377",4427,67,20,17
tiktok,18.04.2024,"96,824",4401,66,21,18
tiktok,28.05.2024,"96,328",4378,66,21,18
tiktok,27.04.2024,"98,8",4491,67,21,18
tiktok,10.05.2024,"102,96",4680,71,21,18
tiktok,22.02.2024,"93,34",4243,63,20,19
tiktok,01.05.2024,"95,455",4339,65,20,19
tiktok,08.07.2024,"100,789",4582,69,21,19
tiktok,28.06.2024,"102,306",4650,70,22,19
tiktok,21.04.2024,"105,142",4779,71,23,19
tiktok,11.07.2024,"105,329",4787,73,22,19
tiktok,02.05.2024,"108,166",4916,74,23,19
tiktok,04.07.2024,"109,465",4976,74,23,19
tiktok,12.04.2024,"107,745",4897,72,22,20
tiktok,12.06.2024,"104,021",4729,72,22,20
tiktok,14.07.2024,"106,421",4838,73,22,20
tiktok,23.02.2024,"106,877",4858,74,22,20
tiktok,25.01.2024,"109,902",4996,75,24,20
tiktok,13.06.2024,"113,467",5157,78,23,20
tiktok,16.02.2024,"113,18",5145,78,24,21
tiktok,05.02.2024,"115,518",5251,79,24,21
tiktok,20.02.2024,"115,054",5229,78,23,22
tiktok,03.07.2024,"114,835",5220,79,24,22
tiktok,08.06.2024,"118,918",5405,81,24,22
tiktok,11.03.2024,"120,522",5478,82,24,22
tiktok,21.02.2024,"122,394",5564,84,27,22
tiktok,10.06.2024,"125,478",5704,86,27,22
tiktok,12.02.2024,"117,346",5335,80,25,23
tiktok,14.05.2024,"121,31",5514,83,25,23
tiktok,27.01.2024,"125,106",5686,84,25,23
tiktok,01.04.2024,"122,515",5568,84,27,23
tiktok,29.02.2024,"125,566",5707,85,26,23
tiktok,06.06.2024,"123,297",5604,85,26,23
tiktok,11.05.2024,"127,171",5780,86,28,24
tiktok,17.05.2024,"132,408",6018,90,28,24
tiktok,01.07.2024,"130,71",5941,89,28,25
tiktok,23.05.2024,"130,508",5932,90,27,25
tiktok,01.06.2024,"133,218",6056,90,29,25
tiktok,04.06.2024,"135,612",6165,92,28,26
tiktok,01.02.2024,"139,642",6347,95,30,26
meta,18.03.2024,"93,682",6691,81,33,30
tiktok,07.04.2024,"156,595",7117,107,32,30
meta,27.05.2024,"100,238",7160,87,35,31
tiktok,24.04.2024,"162,406",7380,112,34,31
tiktok,23.03.2024,"165,712",7534,113,37,31
tiktok,14.03.2024,"173,782",7899,118,38,32
tiktok,09.07.2024,"177,539",8070,121,37,32
meta,09.01.2024,"111,854",7989,96,38,35
meta,20.06.2024,"115,686",8264,98,39,36
meta,15.06.2024,"116,135",8295,100,41,37
meta,03.05.2024,"118,517",8466,101,40,37
meta,26.01.2024,"120,38",8598,104,42,38
meta,01.03.2024,"122,977",8784,106,41,40
meta,06.02.2024,"127,476",9105,109,44,41
meta,25.01.2024,"128,294",9164,110,44,42
meta,18.06.2024,"132,547",9468,115,44,42
meta,13.06.2024,"135,073",9648,116,46,42
meta,01.06.2024,"136,309",9735,117,46,44
meta,06.06.2024,"140,338",10024,120,49,46
meta,24.06.2024,"141,4",10100,121,48,46
meta,25.06.2024,"149,343",10666,129,51,47
meta,15.04.2024,"145,728",10409,124,49,48
meta,25.02.2024,"148,84",10631,127,52,48
meta,30.06.2024,"153,78",10986,131,52,48
meta,27.03.2024,"151,566",10826,130,52,50
meta,24.01.2024,"153,276",10948,131,53,50
meta,13.07.2024,"157,241",11233,134,53,51
meta,25.03.2024,"160,469",11462,137,55,51
meta,31.01.2024,"161,545",11539,138,56,52
meta,31.03.2024,"167,387",11956,143,58,54
meta,17.05.2024,"168,349",12025,144,58,54
meta,12.07.2024,"172,277",12304,147,60,54
meta,08.01.2024,"170,336",12167,146,59,56
meta,29.02.2024,"172,34",12310,148,59,56
meta,13.03.2024,"172,99",12355,150,58,56
meta,21.04.2024,"174,48",12463,150,61,56
meta,20.03.2024,"176,79",12628,151,59,56
meta,22.05.2024,"173,978",12427,148,60,57
meta,28.05.2024,"175,042",12503,150,60,57
meta,23.06.2024,"176,654",12618,151,61,57
meta,20.05.2024,"182,068",13005,155,62,57
meta,02.04.2024,"180,799",12916,155,61,58
meta,10.06.2024,"180,945",12925,155,61,58
meta,09.04.2024,"182,07",13005,156,62,59
meta,06.07.2024,"181,675",12979,156,62,59
meta,17.02.2024,"183,318",13094,157,63,59
meta,07.07.2024,"184,179",13155,157,63,59
meta,07.04.2024,"186,082",13292,160,65,59
meta,31.05.2024,"186,543",13325,160,64,59
meta,20.02.2024,"183,824",13131,158,62,60
meta,20.04.2024,"185,884",13276,158,63,60
meta,14.03.2024,"188,099",13437,160,65,60
meta,10.02.2024,"189,733",13552,162,67,60
meta,12.06.2024,"187,051",13361,160,63,61
meta,24.03.2024,"189,976",13571,163,65,62
meta,12.01.2024,"193,617",13830,166,67,62
meta,06.01.2024,"197,254",14091,169,67,62
meta,19.06.2024,"192,347",13739,165,67,63
meta,30.01.2024,"194,48",13892,168,67,63
meta,21.05.2024,"196,935",14067,170,67,64
meta,26.03.2024,"199,321",14237,171,68,64
meta,14.04.2024,"199,322",14238,171,69,64
meta,04.05.2024,"197,623",14115,171,70,64
meta,08.02.2024,"199,412",14242,172,69,64
meta,19.04.2024,"201,904",14422,174,69,64
meta,03.04.2024,"197,477",14105,169,69,65
meta,07.05.2024,"201,192",14371,171,69,65
meta,11.05.2024,"207,795",14842,178,72,66
meta,17.04.2024,"208,098",14865,178,70,67
meta,04.03.2024,"209,099",14935,179,72,68
meta,11.02.2024,"211,45",15103,182,71,68
meta,05.07.2024,"213,135",15223,183,73,69
meta,29.01.2024,"215,155",15369,184,73,69
meta,28.02.2024,"216,299",15449,185,75,69
meta,20.01.2024,"214,697",15336,184,73,70
meta,02.02.2024,"216,674",15478,186,74,70
meta,09.06.2024,"217,567",15542,186,75,70
meta,12.04.2024,"216,166",15441,185,74,71
meta,19.05.2024,"215,338",15381,185,75,71
meta,01.02.2024,"221,007",15785,189,75,71
meta,23.04.2024,"221,341",15809,189,76,71
meta,03.06.2024,"221,682",15834,190,77,71
meta,11.04.2024,"224,184",16012,193,77,71
meta,11.06.2024,"222,049",15859,191,78,72
meta,02.01.2024,"229,798",16412,195,77,72
meta,24.04.2024,"227,713",16266,196,78,73
meta,18.02.2024,"231,541",16539,198,80,73
meta,08.05.2024,"230,484",16463,198,80,74
meta,23.05.2024,"231,707",16551,199,79,74
meta,06.04.2024,"234,939",16782,202,81,75
meta,11.03.2024,"238,041",17002,205,82,76
meta,07.01.2024,"236,588",16899,203,81,77
meta,23.02.2024,"237,401",16957,203,80,77
meta,02.03.2024,"240,53",17182,205,83,77
meta,29.04.2024,"238,776",17056,205,81,77
meta,05.02.2024,"237,723",16981,203,82,78
meta,19.03.2024,"241,489",17250,207,84,78
meta,10.07.2024,"244,653",17477,209,84,78
meta,21.06.2024,"240,047",17145,206,82,79
meta,22.02.2024,"245,606",17544,210,85,79
meta,30.03.2024,"246,011",17572,211,85,80
meta,16.02.2024,"248,67",17762,212,85,81
meta,10.04.2024,"250,851",17920,214,87,81
meta,22.04.2024,"249,117",17795,214,85,81
meta,03.02.2024,"252,872",18062,217,87,82
meta,10.03.2024,"256,224",18302,219,89,82
meta,05.04.2024,"255,408",18243,218,87,83
meta,02.05.2024,"258,19",18442,222,88,83
meta,17.06.2024,"257,828",18416,220,88,84
meta,03.07.2024,"258,597",18472,221,89,84
meta,28.03.2024,"260,763",18626,223,90,84
meta,12.03.2024,"262,945",18783,224,89,85
meta,28.01.2024,"264,043",18859,225,90,85
meta,10.05.2024,"262,317",18736,225,89,85