source,campaign_id,adset_id,ad_id,date,spend,impressions,clicks,installs,registrations
meta,fb_camp_001,fb_adset_001,fb_ad_001,04.01.2024,"156,742",11196,134,54,51
meta,fb_camp_001,fb_adset_001,fb_ad_001,11.01.2024,"144,2",10300,124,50,47
meta,fb_camp_001,fb_adset_001,fb_ad_001,14.01.2024,"108,331",7738,93,37,34
meta,fb_camp_001,fb_adset_001,fb_ad_001,18.01.2024,"136,598",9757,118,47,44
meta,fb_camp_001,fb_adset_001,fb_ad_001,19.01.2024,"129,342",9239,110,45,41
meta,fb_camp_001,fb_adset_001,fb_ad_001,07.02.2024,"187,928",13424,161,65,60
meta,fb_camp_001,fb_adset_001,fb_ad_001,16.02.2024,"189,032",13502,162,65,61
meta,fb_camp_001,fb_adset_001,fb_ad_001,18.02.2024,"110,279",7877,94,38,35
meta,fb_camp_001,fb_adset_001,fb_ad_001,21.02.2024,"172,927",12352,148,59,56
meta,fb_camp_001,fb_adset_001,fb_ad_001,24.02.2024,"220,613",15758,190,76,71
meta,fb_camp_001,fb_adset_001,fb_ad_001,26.02.2024,"110,103",7864,94,38,36
meta,fb_camp_001,fb_adset_001,fb_ad_001,28.02.2024,"148,972",10641,128,52,48
meta,fb_camp_001,fb_adset_001,fb_ad_001,03.03.2024,"147,378",10527,126,51,47
meta,fb_camp_001,fb_adset_001,fb_ad_001,08.03.2024,"129,019",9216,111,44,42
meta,fb_camp_001,fb_adset_001,fb_ad_001,11.03.2024,"145,836",10416,125,50,47
meta,fb_camp_001,fb_adset_001,fb_ad_001,15.03.2024,"149,67",10691,129,51,48
meta,fb_camp_001,fb_adset_001,fb_ad_001,16.03.2024,"103,874",7419,89,35,34
meta,fb_camp_001,fb_adset_001,fb_ad_001,17.03.2024,"102,094",7293,87,35,32
meta,fb_camp_001,fb_adset_001,fb_ad_001,21.03.2024,"129,651",9261,112,45,42
meta,fb_camp_001,fb_adset_001,fb_ad_001,06.04.2024,"128,168",9155,110,44,41
meta,fb_camp_001,fb_adset_001,fb_ad_001,16.04.2024,"194,484",13892,167,67,63
meta,fb_camp_001,fb_adset_001,fb_ad_001,24.04.2024,"149,434",10674,129,51,48
meta,fb_camp_001,fb_adset_001,fb_ad_001,26.04.2024,"148,564",10611,127,51,48
meta,fb_camp_001,fb_adset_001,fb_ad_001,05.05.2024,"152,172",10869,130,52,49
meta,fb_camp_001,fb_adset_001,fb_ad_001,19.05.2024,"100,521",7180,86,35,32
meta,fb_camp_001,fb_adset_001,fb_ad_001,25.05.2024,"230,195",16442,197,78,74
meta,fb_camp_001,fb_adset_001,fb_ad_001,04.07.2024,"116,254",8304,100,40,38
meta,fb_camp_001,fb_adset_001,fb_ad_001,11.07.2024,"105,806",7557,91,37,34
meta,fb_camp_001,fb_adset_001,fb_ad_001,14.07.2024,"195,666",13976,167,67,63
meta,fb_camp_001,fb_adset_001,fb_ad_001,29.06.2024,"1,88",134,1,1,1
meta,fb_camp_001,fb_adset_001,fb_ad_001,03.05.2024,"5,922",423,5,2,2
meta,fb_camp_001,fb_adset_001,fb_ad_001,22.05.2024,"7,539",538,6,2,3
meta,fb_camp_001,fb_adset_001,fb_ad_001,12.06.2024,"6,096",436,5,2,2
meta,fb_camp_001,fb_adset_001,fb_ad_001,09.01.2024,"9,558",683,8,3,3
meta,fb_camp_001,fb_adset_001,fb_ad_001,17.01.2024,"10,808",772,9,3,4
meta,fb_camp_001,fb_adset_001,fb_ad_001,20.03.2024,"9,863",704,8,3,3
meta,fb_camp_001,fb_adset_001,fb_ad_001,30.03.2024,"10,892",778,9,3,3
meta,fb_camp_001,fb_adset_001,fb_ad_001,09.07.2024,"10,292",735,9,3,4
meta,fb_camp_001,fb_adset_001,fb_ad_001,02.02.2024,"11,09",793,10,4,4
meta,fb_camp_001,fb_adset_001,fb_ad_001,02.05.2024,"11,1",793,10,4,3
meta,fb_camp_001,fb_adset_001,fb_ad_001,10.05.2024,"13,271",948,11,4,4
meta,fb_camp_001,fb_adset_001,fb_ad_001,24.06.2024,"14,044",1003,12,4,5
meta,fb_camp_001,fb_adset_001,fb_ad_001,27.01.2024,"15,293",1092,13,5,5
meta,fb_camp_001,fb_adset_001,fb_ad_001,01.02.2024,"15,502",1107,13,5,5
meta,fb_camp_001,fb_adset_001,fb_ad_001,19.03.2024,"13,666",977,12,5,5
meta,fb_camp_001,fb_adset_001,fb_ad_001,03.04.2024,"14,604",1043,12,5,5
meta,fb_camp_001,fb_adset_001,fb_ad_001,22.04.2024,"13,995",1000,12,5,5
meta,fb_camp_001,fb_adset_001,fb_ad_001,21.05.2024,"14,652",1047,13,5,5
meta,fb_camp_001,fb_adset_001,fb_ad_001,06.06.2024,"14,99",1070,13,5,5
meta,fb_camp_001,fb_adset_001,fb_ad_001,23.06.2024,"12,152",868,10,5,4
meta,fb_camp_001,fb_adset_001,fb_ad_001,08.07.2024,"13,96",997,12,5,4
meta,fb_camp_001,fb_adset_001,fb_ad_001,29.02.2024,"18,088",1292,16,6,6
meta,fb_camp_001,fb_adset_001,fb_ad_001,06.03.2024,"16,518",1180,14,6,5
meta,fb_camp_001,fb_adset_001,fb_ad_001,14.03.2024,"14,793",1057,12,6,5
meta,fb_camp_001,fb_adset_001,fb_ad_001,11.04.2024,"16,215",1158,14,6,5
meta,fb_camp_001,fb_adset_001,fb_ad_001,13.06.2024,"16,856",1204,15,6,5
meta,fb_camp_001,fb_adset_001,fb_ad_001,26.01.2024,"18,624",1330,16,7,6
meta,fb_camp_001,fb_adset_001,fb_ad_001,19.02.2024,"20,29",1449,18,7,7
meta,fb_camp_001,fb_adset_001,fb_ad_001,27.03.2024,"21,412",1529,18,7,7
meta,fb_camp_001,fb_adset_001,fb_ad_001,28.03.2024,"18,952",1354,16,7,6
meta,fb_camp_001,fb_adset_001,fb_ad_001,28.04.2024,"20,835",1488,18,7,6
meta,fb_camp_001,fb_adset_001,fb_ad_001,12.03.2024,"24,724",1766,21,8,8
meta,fb_camp_001,fb_adset_001,fb_ad_001,31.03.2024,"21,548",1539,18,8,7
meta,fb_camp_001,fb_adset_001,fb_ad_001,15.04.2024,"25,01",1786,21,8,8
meta,fb_camp_001,fb_adset_001,fb_ad_001,07.07.2024,"23,808",1700,20,8,8
meta,fb_camp_001,fb_adset_001,fb_ad_001,25.03.2024,"27,074",1934,23,9,9
meta,fb_camp_001,fb_adset_001,fb_ad_001,12.04.2024,"28,696",2050,25,9,9
meta,fb_camp_001,fb_adset_001,fb_ad_001,23.04.2024,"25,8",1843,22,9,8
meta,fb_camp_001,fb_adset_001,fb_ad_001,30.04.2024,"26,659",1904,22,9,9
meta,fb_camp_001,fb_adset_001,fb_ad_001,20.05.2024,"26,249",1875,22,9,8
meta,fb_camp_001,fb_adset_001,fb_ad_001,31.05.2024,"27,028",1930,23,9,8
meta,fb_camp_001,fb_adset_001,fb_ad_001,20.02.2024,"30,608",2187,26,10,10
meta,fb_camp_001,fb_adset_001,fb_ad_001,13.03.2024,"30,181",2156,26,10,10
meta,fb_camp_001,fb_adset_001,fb_ad_001,09.04.2024,"28,45",2032,24,10,9
meta,fb_camp_001,fb_adset_001,fb_ad_001,10.04.2024,"29,515",2109,25,10,10
meta,fb_camp_001,fb_adset_001,fb_ad_001,11.05.2024,"27,557",1968,24,10,9
meta,fb_camp_001,fb_adset_001,fb_ad_001,07.06.2024,"31,013",2215,26,10,10
meta,fb_camp_001,fb_adset_001,fb_ad_001,18.06.2024,"30,902",2207,27,10,10
meta,fb_camp_001,fb_adset_001,fb_ad_001,10.07.2024,"29,345",2097,25,10,9
meta,fb_camp_001,fb_adset_001,fb_ad_001,03.01.2024,"32,045",2289,28,11,10
meta,fb_camp_001,fb_adset_001,fb_ad_001,21.04.2024,"32,519",2323,28,11,10
meta,fb_camp_001,fb_adset_001,fb_ad_001,27.04.2024,"31,813",2273,27,11,11
meta,fb_camp_001,fb_adset_001,fb_ad_001,28.06.2024,"31,963",2283,28,11,10
meta,fb_camp_001,fb_adset_001,fb_ad_001,30.06.2024,"32,852",2347,29,11,10
meta,fb_camp_001,fb_adset_001,fb_ad_001,13.07.2024,"34,61",2472,30,11,11
meta,fb_camp_001,fb_adset_001,fb_ad_001,10.01.2024,"34,755",2482,30,12,11
meta,fb_camp_001,fb_adset_001,fb_ad_001,06.07.2024,"35,997",2572,31,12,11
meta,fb_camp_001,fb_adset_001,fb_ad_001,25.01.2024,"38,603",2758,33,13,12
meta,fb_camp_001,fb_adset_001,fb_ad_001,03.02.2024,"36,477",2605,31,13,12
meta,fb_camp_001,fb_adset_001,fb_ad_001,04.02.2024,"39,06",2790,34,13,12
meta,fb_camp_001,fb_adset_001,fb_ad_001,05.02.2024,"39,04",2789,33,13,13
meta,fb_camp_001,fb_adset_001,fb_ad_001,13.05.2024,"40,142",2867,34,13,13
meta,fb_camp_001,fb_adset_001,fb_ad_001,06.02.2024,"39,965",2854,34,14,13
meta,fb_camp_001,fb_adset_001,fb_ad_001,07.03.2024,"40,783",2913,35,14,13
meta,fb_camp_001,fb_adset_001,fb_ad_001,18.03.2024,"39,857",2846,34,14,13
meta,fb_camp_001,fb_adset_001,fb_ad_001,26.03.2024,"41,364",2955,36,14,13
meta,fb_camp_001,fb_adset_001,fb_ad_001,17.05.2024,"40,389",2885,34,14,13
meta,fb_camp_001,fb_adset_001,fb_ad_001,17.06.2024,"39,446",2817,34,14,13
meta,fb_camp_001,fb_adset_001,fb_ad_001,19.06.2024,"40,615",2901,35,14,13
meta,fb_camp_001,fb_adset_001,fb_ad_001,08.01.2024,"42,174",3012,36,15,14
meta,fb_camp_001,fb_adset_001,fb_ad_001,01.04.2024,"43,33",3095,37,15,14
meta,fb_camp_001,fb_adset_001,fb_ad_001,13.04.2024,"40,873",2919,35,15,13
meta,fb_camp_001,fb_adset_001,fb_ad_001,15.06.2024,"43,73",3124,38,15,14
meta,fb_camp_001,fb_adset_001,fb_ad_001,25.06.2024,"43,325",3094,38,15,13
meta,fb_camp_001,fb_adset_001,fb_ad_001,17.02.2024,"46,431",3317,40,16,15
meta,fb_camp_001,fb_adset_001,fb_ad_001,09.03.2024,"45,193",3228,39,16,15
meta,fb_camp_001,fb_adset_001,fb_ad_001,20.04.2024,"46,155",3296,39,16,15
meta,fb_camp_001,fb_adset_001,fb_ad_001,30.05.2024,"45,124",3223,39,16,15
meta,fb_camp_001,fb_adset_001,fb_ad_001,08.06.2024,"44,686",3192,39,16,14
meta,fb_camp_001,fb_adset_001,fb_ad_001,05.07.2024,"45,728",3266,39,16,15
meta,fb_camp_001,fb_adset_001,fb_ad_001,15.01.2024,"50,306",3594,43,17,17
meta,fb_camp_001,fb_adset_001,fb_ad_001,22.01.2024,"50,817",3630,44,17,16
meta,fb_camp_001,fb_adset_001,fb_ad_001,29.01.2024,"49,975",3570,43,17,16
meta,fb_camp_001,fb_adset_001,fb_ad_001,10.02.2024,"49,014",3501,42,17,16
meta,fb_camp_001,fb_adset_001,fb_ad_001,11.02.2024,"50,356",3596,43,17,16
meta,fb_camp_001,fb_adset_001,fb_ad_001,13.02.2024,"48,663",3476,41,17,16
meta,fb_camp_001,fb_adset_001,fb_ad_001,25.02.2024,"49,557",3540,42,17,16
meta,fb_camp_001,fb_adset_001,fb_ad_001,01.03.2024,"49,304",3522,42,17,16
meta,fb_camp_001,fb_adset_001,fb_ad_001,27.05.2024,"47,966",3426,42,17,15
meta,fb_camp_001,fb_adset_001,fb_ad_001,03.06.2024,"50,838",3631,43,17,16
meta,fb_camp_001,fb_adset_001,fb_ad_001,02.07.2024,"51,224",3659,44,17,16
meta,fb_camp_001,fb_adset_001,fb_ad_001,06.01.2024,"53,377",3813,46,18,17
meta,fb_camp_001,fb_adset_001,fb_ad_001,10.03.2024,"52,465",3748,45,18,16
meta,fb_camp_001,fb_adset_001,fb_ad_001,19.04.2024,"53,616",3830,46,18,17
meta,fb_camp_001,fb_adset_001,fb_ad_001,29.04.2024,"53,217",3801,46,18,17
meta,fb_camp_001,fb_adset_001,fb_ad_001,01.06.2024,"52,976",3784,46,18,17
meta,fb_camp_001,fb_adset_001,fb_ad_001,02.06.2024,"51,471",3677,44,18,17
meta,fb_camp_001,fb_adset_001,fb_ad_001,05.06.2024,"52,253",3733,45,18,17
meta,fb_camp_001,fb_adset_001,fb_ad_001,09.06.2024,"54,145",3868,46,18,17
meta,fb_camp_001,fb_adset_001,fb_ad_001,21.06.2024,"51,959",3711,44,18,17
meta,fb_camp_001,fb_adset_001,fb_ad_001,07.01.2024,"56,807",4058,49,19,18
meta,fb_camp_001,fb_adset_001,fb_ad_001,31.01.2024,"54,983",3927,47,19,17
meta,fb_camp_001,fb_adset_001,fb_ad_001,02.04.2024,"56,184",4014,49,19,18
meta,fb_camp_001,fb_adset_001,fb_ad_001,08.05.2024,"54,949",3925,47,19,18
meta,fb_camp_001,fb_adset_001,fb_ad_001,15.05.2024,"57,738",4124,49,19,19
meta,fb_camp_001,fb_adset_001,fb_ad_001,26.05.2024,"55,192",3943,47,19,18
meta,fb_camp_001,fb_adset_001,fb_ad_001,11.06.2024,"54,469",3890,47,19,18
meta,fb_camp_001,fb_adset_001,fb_ad_001,07.04.2024,"56,904",4065,49,20,18
meta,fb_camp_001,fb_adset_001,fb_ad_001,09.05.2024,"58,939",4210,51,20,19
meta,fb_camp_001,fb_adset_001,fb_ad_001,16.06.2024,"58,038",4146,49,20,18
meta,fb_camp_001,fb_adset_001,fb_ad_001,20.06.2024,"58,555",4183,50,20,19
meta,fb_camp_001,fb_adset_001,fb_ad_001,12.01.2024,"61,381",4385,52,21,19
meta,fb_camp_001,fb_adset_001,fb_ad_001,09.02.2024,"62,028",4431,53,21,20
meta,fb_camp_001,fb_adset_001,fb_ad_001,05.04.2024,"61,357",4382,52,21,20
meta,fb_camp_001,fb_adset_001,fb_ad_001,01.05.2024,"61,802",4415,53,21,20
meta,fb_camp_001,fb_adset_001,fb_ad_001,16.05.2024,"59,936",4281,52,21,19
meta,fb_camp_001,fb_adset_001,fb_ad_001,21.01.2024,"63,024",4501,54,22,21
meta,fb_camp_001,fb_adset_001,fb_ad_001,02.03.2024,"66,189",4728,57,22,21
meta,fb_camp_001,fb_adset_001,fb_ad_001,24.03.2024,"63,967",4569,55,22,21
meta,fb_camp_001,fb_adset_001,fb_ad_001,28.05.2024,"63,331",4524,54,22,21
meta,fb_camp_001,fb_adset_001,fb_ad_001,29.05.2024,"65,856",4704,56,22,21
meta,fb_camp_001,fb_adset_001,fb_ad_001,15.02.2024,"67,031",4788,58,23,22
meta,fb_camp_001,fb_adset_001,fb_ad_001,04.04.2024,"71,61",5115,62,24,23
meta,fb_camp_001,fb_adset_001,fb_ad_001,18.04.2024,"70,29",5021,60,24,23
meta,fb_camp_001,fb_adset_001,fb_ad_001,04.05.2024,"68,353",4882,59,24,22
meta,fb_camp_001,fb_adset_001,fb_ad_001,06.05.2024,"70,547",5039,61,24,23
meta,fb_camp_001,fb_adset_001,fb_ad_001,24.05.2024,"69,057",4933,59,24,22
meta,fb_camp_001,fb_adset_001,fb_ad_001,01.07.2024,"69,214",4943,59,24,23
meta,fb_camp_001,fb_adset_001,fb_ad_001,02.01.2024,"75,791",5413,64,25,24
meta,fb_camp_001,fb_adset_001,fb_ad_001,05.01.2024,"71,404",5100,61,25,23
meta,fb_camp_001,fb_adset_001,fb_ad_001,20.01.2024,"74,311",5308,64,25,24
meta,fb_camp_001,fb_adset_001,fb_ad_001,30.01.2024,"73,447",5246,63,25,24
meta,fb_camp_001,fb_adset_001,fb_ad_001,23.02.2024,"74,395",5314,63,25,24
meta,fb_camp_001,fb_adset_001,fb_ad_001,04.03.2024,"72,263",5161,62,25,24
meta,fb_camp_001,fb_adset_001,fb_ad_001,22.03.2024,"77,936",5567,66,26,25
meta,fb_camp_001,fb_adset_001,fb_ad_001,08.04.2024,"76,855",5489,66,26,25
meta,fb_camp_001,fb_adset_001,fb_ad_001,23.05.2024,"75,026",5359,65,26,24
meta,fb_camp_001,fb_adset_001,fb_ad_001,10.06.2024,"76,147",5439,65,26,25
meta,fb_camp_001,fb_adset_001,fb_ad_001,25.04.2024,"78,203",5586,67,27,25
meta,fb_camp_001,fb_adset_001,fb_ad_001,07.05.2024,"77,642",5546,66,27,25
meta,fb_camp_001,fb_adset_001,fb_ad_001,14.06.2024,"79,849",5703,68,27,26
meta,fb_camp_001,fb_adset_001,fb_ad_001,26.06.2024,"76,759",5483,65,27,25
meta,fb_camp_001,fb_adset_001,fb_ad_001,03.07.2024,"78,749",5625,67,27,25
meta,fb_camp_001,fb_adset_001,fb_ad_001,17.04.2024,"81,676",5834,70,28,26
meta,fb_camp_001,fb_adset_001,fb_ad_001,16.01.2024,"82,688",5906,71,29,26
meta,fb_camp_001,fb_adset_001,fb_ad_001,18.05.2024,"85,784",6127,74,29,28
meta,fb_camp_001,fb_adset_001,fb_ad_001,12.07.2024,"84,1",6007,72,29,27
meta,fb_camp_001,fb_adset_001,fb_ad_001,12.02.2024,"87,169",6227,75,30,28
meta,fb_camp_001,fb_adset_001,fb_ad_001,27.06.2024,"88,684",6335,76,30,29
meta,fb_camp_001,fb_adset_001,fb_ad_001,24.01.2024,"89,406",6386,77,31,29
meta,fb_camp_001,fb_adset_001,fb_ad_001,23.03.2024,"88,671",6333,76,31,28
meta,fb_camp_001,fb_adset_001,fb_ad_001,04.06.2024,"92,093",6578,79,32,30
meta,fb_camp_001,fb_adset_001,fb_ad_001,14.02.2024,"98,021",7001,84,33,31
meta,fb_camp_001,fb_adset_001,fb_ad_001,22.02.2024,"95,208",6800,82,33,30
meta,fb_camp_001,fb_adset_001,fb_ad_001,29.03.2024,"98,143",7010,85,34,32
meta,fb_camp_001,fb_adset_001,fb_ad_001,22.06.2024,"100,075",7149,86,34,32
meta,fb_camp_001,fb_adset_001,fb_ad_001,13.01.2024,"106,271",7590,91,36,35
meta,fb_camp_001,fb_adset_001,fb_ad_001,08.02.2024,"105,186",7513,91,36,34
meta,fb_camp_001,fb_adset_001,fb_ad_001,23.01.2024,"114,622",8187,98,39,37
meta,fb_camp_001,fb_adset_001,fb_ad_001,28.01.2024,"113,813",8130,97,39,37
meta,fb_camp_001,fb_adset_001,fb_ad_001,27.02.2024,"115,599",8257,99,39,37
meta,fb_camp_001,fb_adset_001,fb_ad_001,05.03.2024,"115,766",8269,99,39,37
meta,fb_camp_001,fb_adset_001,fb_ad_001,14.04.2024,"119,81",8558,103,41,39
meta,fb_camp_001,fb_adset_001,fb_ad_001,12.05.2024,"118,994",8500,102,41,38
meta,fb_camp_001,fb_adset_001,fb_ad_001,14.05.2024,"117,395",8386,101,41,38
meta,fb_camp_001,fb_adset_002,fb_ad_002,03.01.2024,"118,108",8436,101,40,38
meta,fb_camp_001,fb_adset_002,fb_ad_002,04.01.2024,"136,803",9772,117,47,44
meta,fb_camp_001,fb_adset_002,fb_ad_002,13.01.2024,"110,34",7882,94,38,35
meta,fb_camp_001,fb_adset_002,fb_ad_002,22.01.2024,"134,322",9595,115,46,43
meta,fb_camp_001,fb_adset_002,fb_ad_002,12.02.2024,"231,35",16525,198,79,74
meta,fb_camp_001,fb_adset_002,fb_ad_002,19.02.2024,"145,153",10369,125,50,47
meta,fb_camp_001,fb_adset_002,fb_ad_002,21.02.2024,"111,056",7932,95,38,36
meta,fb_camp_001,fb_adset_002,fb_ad_002,27.02.2024,"149,682",10692,129,51,48
meta,fb_camp_001,fb_adset_002,fb_ad_002,03.03.2024,"115,447",8246,99,40,37
meta,fb_camp_001,fb_adset_002,fb_ad_002,05.03.2024,"226,72",16194,194,77,73
meta,fb_camp_001,fb_adset_002,fb_ad_002,06.03.2024,"135,343",9668,116,47,43
meta,fb_camp_001,fb_adset_002,fb_ad_002,07.03.2024,"173,199",12371,149,59,56
meta,fb_camp_001,fb_adset_002,fb_ad_002,19.03.2024,"160,109",11436,137,55,51
meta,fb_camp_001,fb_adset_002,fb_ad_002,22.03.2024,"162,68",11620,139,56,52
meta,fb_camp_001,fb_adset_002,fb_ad_002,23.03.2024,"135,428",9673,116,46,44
meta,fb_camp_001,fb_adset_002,fb_ad_002,30.03.2024,"153,343",10953,131,53,50
meta,fb_camp_001,fb_adset_002,fb_ad_002,08.04.2024,"131,671",9405,113,45,43
meta,fb_camp_001,fb_adset_002,fb_ad_002,30.04.2024,"177,782",12698,153,61,57
meta,fb_camp_001,fb_adset_002,fb_ad_002,02.05.2024,"123,187",8799,106,42,40
meta,fb_camp_001,fb_adset_002,fb_ad_002,06.05.2024,"141,629",10117,122,49,46
meta,fb_camp_001,fb_adset_002,fb_ad_002,15.05.2024,"161,725",11552,138,55,52
meta,fb_camp_001,fb_adset_002,fb_ad_002,26.05.2024,"125,835",8988,108,43,40
meta,fb_camp_001,fb_adset_002,fb_ad_002,29.05.2024,"110,45",7889,95,38,36
meta,fb_camp_001,fb_adset_002,fb_ad_002,12.06.2024,"133,79",9556,115,46,44
meta,fb_camp_001,fb_adset_002,fb_ad_002,16.06.2024,"110,469",7891,95,38,36
meta,fb_camp_001,fb_adset_002,fb_ad_002,28.06.2024,"163,98",11713,140,56,53
meta,fb_camp_001,fb_adset_002,fb_ad_002,29.06.2024,"105,274",7519,91,37,34
meta,fb_camp_001,fb_adset_002,fb_ad_002,10.07.2024,"158,779",11342,136,54,51
meta,fb_camp_001,fb_adset_002,fb_ad_002,10.04.2024,"2,592",185,2,1,0
meta,fb_camp_001,fb_adset_002,fb_ad_002,27.01.2024,"5,908",422,5,2,2
meta,fb_camp_001,fb_adset_002,fb_ad_002,01.03.2024,"8,032",574,7,2,3
meta,fb_camp_001,fb_adset_002,fb_ad_002,26.03.2024,"10,079",720,8,3,3
meta,fb_camp_001,fb_adset_002,fb_ad_002,09.01.2024,"13,736",981,12,4,4
meta,fb_camp_001,fb_adset_002,fb_ad_002,02.03.2024,"11,024",788,9,4,4
meta,fb_camp_001,fb_adset_002,fb_ad_002,14.04.2024,"10,512",751,9,4,3
meta,fb_camp_001,fb_adset_002,fb_ad_002,08.05.2024,"10,504",750,9,4,3
meta,fb_camp_001,fb_adset_002,fb_ad_002,14.05.2024,"12,301",878,11,4,4
meta,fb_camp_001,fb_adset_002,fb_ad_002,20.06.2024,"13,754",983,11,4,4
meta,fb_camp_001,fb_adset_002,fb_ad_002,06.02.2024,"14,572",1041,13,5,4
meta,fb_camp_001,fb_adset_002,fb_ad_002,16.02.2024,"15,838",1131,13,5,5
meta,fb_camp_001,fb_adset_002,fb_ad_002,29.02.2024,"12,606",900,11,5,4
meta,fb_camp_001,fb_adset_002,fb_ad_002,17.04.2024,"15,306",1094,13,5,5
meta,fb_camp_001,fb_adset_002,fb_ad_002,14.03.2024,"17,367",1241,15,6,5
meta,fb_camp_001,fb_adset_002,fb_ad_002,27.05.2024,"18,924",1352,16,6,6
meta,fb_camp_001,fb_adset_002,fb_ad_002,15.06.2024,"16,664",1190,14,6,5
meta,fb_camp_001,fb_adset_002,fb_ad_002,13.07.2024,"19,1",1365,16,6,6
meta,fb_camp_001,fb_adset_002,fb_ad_002,14.07.2024,"18,815",1343,16,6,6
meta,fb_camp_001,fb_adset_002,fb_ad_002,10.01.2024,"20,817",1487,18,7,7
meta,fb_camp_001,fb_adset_002,fb_ad_002,11.01.2024,"19,238",1374,16,7,6
meta,fb_camp_001,fb_adset_002,fb_ad_002,26.01.2024,"19,281",1378,17,7,6
meta,fb_camp_001,fb_adset_002,fb_ad_002,18.03.2024,"19,706",1408,17,7,6
meta,fb_camp_001,fb_adset_002,fb_ad_002,21.03.2024,"21,081",1506,18,7,7
meta,fb_camp_001,fb_adset_002,fb_ad_002,22.04.2024,"19,88",1420,17,7,6
meta,fb_camp_001,fb_adset_002,fb_ad_002,26.04.2024,"18,728",1337,16,7,6
meta,fb_camp_001,fb_adset_002,fb_ad_002,23.05.2024,"21,174",1512,18,7,6
meta,fb_camp_001,fb_adset_002,fb_ad_002,10.06.2024,"21,895",1564,19,7,7
meta,fb_camp_001,fb_adset_002,fb_ad_002,21.06.2024,"20,205",1443,18,7,7
meta,fb_camp_001,fb_adset_002,fb_ad_002,07.07.2024,"21,606",1543,18,7,7
meta,fb_camp_001,fb_adset_002,fb_ad_002,25.01.2024,"23,799",1699,20,8,8
meta,fb_camp_001,fb_adset_002,fb_ad_002,18.02.2024,"23,534",1681,20,8,7
meta,fb_camp_001,fb_adset_002,fb_ad_002,23.02.2024,"25,101",1793,22,8,8
meta,fb_camp_001,fb_adset_002,fb_ad_002,25.02.2024,"22,681",1620,20,8,7
meta,fb_camp_001,fb_adset_002,fb_ad_002,06.01.2024,"27,806",1986,24,9,8
meta,fb_camp_001,fb_adset_002,fb_ad_002,16.01.2024,"25,792",1843,23,9,9
meta,fb_camp_001,fb_adset_002,fb_ad_002,08.02.2024,"28,5",2035,24,9,9
meta,fb_camp_001,fb_adset_002,fb_ad_002,10.03.2024,"24,297",1735,20,9,8
meta,fb_camp_001,fb_adset_002,fb_ad_002,20.04.2024,"26,347",1882,22,9,9
meta,fb_camp_001,fb_adset_002,fb_ad_002,21.04.2024,"24,488",1749,21,9,8
meta,fb_camp_001,fb_adset_002,fb_ad_002,04.05.2024,"24,754",1768,22,9,8
meta,fb_camp_001,fb_adset_002,fb_ad_002,12.05.2024,"25,917",1851,22,9,9
meta,fb_camp_001,fb_adset_002,fb_ad_002,02.01.2024,"29,728",2123,25,10,9
meta,fb_camp_001,fb_adset_002,fb_ad_002,20.01.2024,"28,708",2051,25,10,10
meta,fb_camp_001,fb_adset_002,fb_ad_002,31.03.2024,"29,824",2130,26,10,9
meta,fb_camp_001,fb_adset_002,fb_ad_002,03.05.2024,"28,643",2046,24,10,9
meta,fb_camp_001,fb_adset_002,fb_ad_002,19.05.2024,"28,708",2050,25,10,10
meta,fb_camp_001,fb_adset_002,fb_ad_002,22.06.2024,"27,805",1986,24,10,9
meta,fb_camp_001,fb_adset_002,fb_ad_002,31.01.2024,"30,351",2168,26,11,10
meta,fb_camp_001,fb_adset_002,fb_ad_002,22.02.2024,"29,617",2116,25,11,10
meta,fb_camp_001,fb_adset_002,fb_ad_002,04.03.2024,"31,223",2230,27,11,10
meta,fb_camp_001,fb_adset_002,fb_ad_002,28.03.2024,"31,766",2269,27,11,10
meta,fb_camp_001,fb_adset_002,fb_ad_002,15.04.2024,"31,87",2277,27,11,11
meta,fb_camp_001,fb_adset_002,fb_ad_002,01.07.2024,"31,691",2263,27,11,10
meta,fb_camp_001,fb_adset_002,fb_ad_002,26.02.2024,"34,562",2468,29,12,12
meta,fb_camp_001,fb_adset_002,fb_ad_002,28.02.2024,"35,716",2551,30,12,11
meta,fb_camp_001,fb_adset_002,fb_ad_002,25.03.2024,"33,707",2407,29,12,11
meta,fb_camp_001,fb_adset_002,fb_ad_002,25.04.2024,"36,731",2624,32,12,12
meta,fb_camp_001,fb_adset_002,fb_ad_002,22.05.2024,"35,592",2543,31,12,12
meta,fb_camp_001,fb_adset_002,fb_ad_002,04.07.2024,"34,621",2473,30,12,11
meta,fb_camp_001,fb_adset_002,fb_ad_002,07.01.2024,"36,785",2627,31,13,12
meta,fb_camp_001,fb_adset_002,fb_ad_002,17.01.2024,"38,143",2724,32,13,12
meta,fb_camp_001,fb_adset_002,fb_ad_002,24.01.2024,"36,797",2629,32,13,12
meta,fb_camp_001,fb_adset_002,fb_ad_002,29.01.2024,"39,64",2832,34,13,13
meta,fb_camp_001,fb_adset_002,fb_ad_002,09.04.2024,"39,829",2845,34,13,13
meta,fb_camp_001,fb_adset_002,fb_ad_002,07.05.2024,"39,146",2796,33,13,13
meta,fb_camp_001,fb_adset_002,fb_ad_002,21.05.2024,"37,754",2696,32,13,12
meta,fb_camp_001,fb_adset_002,fb_ad_002,31.05.2024,"37,169",2655,32,13,12
meta,fb_camp_001,fb_adset_002,fb_ad_002,09.06.2024,"35,959",2569,31,13,11
meta,fb_camp_001,fb_adset_002,fb_ad_002,18.06.2024,"40,236",2874,35,13,13
meta,fb_camp_001,fb_adset_002,fb_ad_002,18.01.2024,"40,506",2893,35,14,13
meta,fb_camp_001,fb_adset_002,fb_ad_002,28.01.2024,"41,506",2964,35,14,13
meta,fb_camp_001,fb_adset_002,fb_ad_002,20.03.2024,"41,328",2952,36,14,14
meta,fb_camp_001,fb_adset_002,fb_ad_002,05.04.2024,"42,108",3008,36,14,13
meta,fb_camp_001,fb_adset_002,fb_ad_002,06.04.2024,"41,328",2952,35,14,13
meta,fb_camp_001,fb_adset_002,fb_ad_002,12.07.2024,"38,775",2769,33,14,12
meta,fb_camp_001,fb_adset_002,fb_ad_002,01.02.2024,"43,38",3098,37,15,14
meta,fb_camp_001,fb_adset_002,fb_ad_002,15.02.2024,"44,394",3171,38,15,14
meta,fb_camp_001,fb_adset_002,fb_ad_002,17.02.2024,"41,925",2994,36,15,14
meta,fb_camp_001,fb_adset_002,fb_ad_002,15.03.2024,"42,454",3032,36,15,14
meta,fb_camp_001,fb_adset_002,fb_ad_002,17.03.2024,"44,992",3213,38,15,15
meta,fb_camp_001,fb_adset_002,fb_ad_002,01.05.2024,"42,828",3059,36,15,14
meta,fb_camp_001,fb_adset_002,fb_ad_002,04.06.2024,"45,125",3223,39,15,14
meta,fb_camp_001,fb_adset_002,fb_ad_002,30.06.2024,"45,042",3218,38,15,14
meta,fb_camp_001,fb_adset_002,fb_ad_002,16.03.2024,"46,413",3316,40,16,15
meta,fb_camp_001,fb_adset_002,fb_ad_002,29.03.2024,"48,469",3462,42,16,15
meta,fb_camp_001,fb_adset_002,fb_ad_002,04.04.2024,"45,774",3270,40,16,15
meta,fb_camp_001,fb_adset_002,fb_ad_002,19.04.2024,"48,162",3440,42,16,15
meta,fb_camp_001,fb_adset_002,fb_ad_002,10.05.2024,"46,591",3328,40,16,15
meta,fb_camp_001,fb_adset_002,fb_ad_002,02.07.2024,"46,125",3295,40,16,15
meta,fb_camp_001,fb_adset_002,fb_ad_002,11.03.2024,"49,388",3528,43,17,16
meta,fb_camp_001,fb_adset_002,fb_ad_002,23.04.2024,"51,921",3708,45,17,17
meta,fb_camp_001,fb_adset_002,fb_ad_002,25.05.2024,"50,452",3604,43,17,17
meta,fb_camp_001,fb_adset_002,fb_ad_002,06.06.2024,"48,645",3475,42,17,16
meta,fb_camp_001,fb_adset_002,fb_ad_002,14.06.2024,"48,595",3471,42,17,16
meta,fb_camp_001,fb_adset_002,fb_ad_002,11.07.2024,"48,776",3484,42,17,16
meta,fb_camp_001,fb_adset_002,fb_ad_002,10.02.2024,"50,337",3595,43,18,16
meta,fb_camp_001,fb_adset_002,fb_ad_002,12.04.2024,"52,131",3723,44,18,17
meta,fb_camp_001,fb_adset_002,fb_ad_002,05.05.2024,"54,373",3884,46,18,17
meta,fb_camp_001,fb_adset_002,fb_ad_002,17.05.2024,"52,166",3726,45,18,16
meta,fb_camp_001,fb_adset_002,fb_ad_002,24.03.2024,"55,12",3938,48,19,17
meta,fb_camp_001,fb_adset_002,fb_ad_002,13.05.2024,"53,99",3857,46,19,17
meta,fb_camp_001,fb_adset_002,fb_ad_002,30.05.2024,"57,353",4097,49,19,18
meta,fb_camp_001,fb_adset_002,fb_ad_002,01.06.2024,"56,263",4018,48,19,18
meta,fb_camp_001,fb_adset_002,fb_ad_002,08.01.2024,"56,944",4068,49,20,19
meta,fb_camp_001,fb_adset_002,fb_ad_002,05.02.2024,"56,79",4057,48,20,19
meta,fb_camp_001,fb_adset_002,fb_ad_002,11.02.2024,"59,337",4239,51,20,19
meta,fb_camp_001,fb_adset_002,fb_ad_002,24.04.2024,"56,597",4043,48,20,18
meta,fb_camp_001,fb_adset_002,fb_ad_002,24.06.2024,"56,729",4052,49,20,18
meta,fb_camp_001,fb_adset_002,fb_ad_002,02.02.2024,"61,166",4369,52,21,20
meta,fb_camp_001,fb_adset_002,fb_ad_002,11.05.2024,"61,882",4420,53,21,19
meta,fb_camp_001,fb_adset_002,fb_ad_002,17.06.2024,"61,197",4371,52,21,19
meta,fb_camp_001,fb_adset_002,fb_ad_002,20.02.2024,"66,25",4732,57,22,21
meta,fb_camp_001,fb_adset_002,fb_ad_002,13.06.2024,"66,673",4763,57,22,21
meta,fb_camp_001,fb_adset_002,fb_ad_002,09.07.2024,"64,983",4641,56,22,21
meta,fb_camp_001,fb_adset_002,fb_ad_002,19.01.2024,"69,142",4939,59,23,22
meta,fb_camp_001,fb_adset_002,fb_ad_002,07.02.2024,"66,484",4749,57,23,22
meta,fb_camp_001,fb_adset_002,fb_ad_002,14.02.2024,"65,623",4688,57,23,21
meta,fb_camp_001,fb_adset_002,fb_ad_002,07.04.2024,"64,986",4642,56,23,21
meta,fb_camp_001,fb_adset_002,fb_ad_002,27.04.2024,"68,22",4873,58,23,22
meta,fb_camp_001,fb_adset_002,fb_ad_002,05.01.2024,"69,338",4953,60,24,23
meta,fb_camp_001,fb_adset_002,fb_ad_002,23.01.2024,"71,661",5118,61,24,23
meta,fb_camp_001,fb_adset_002,fb_ad_002,03.02.2024,"70,837",5060,61,24,22
meta,fb_camp_001,fb_adset_002,fb_ad_002,01.04.2024,"69,761",4983,59,24,23
meta,fb_camp_001,fb_adset_002,fb_ad_002,13.04.2024,"72,059",5147,62,24,23
meta,fb_camp_001,fb_adset_002,fb_ad_002,18.04.2024,"69,648",4975,59,24,22
meta,fb_camp_001,fb_adset_002,fb_ad_002,24.05.2024,"67,606",4829,58,24,22
meta,fb_camp_001,fb_adset_002,fb_ad_002,28.05.2024,"67,829",4845,58,24,22
meta,fb_camp_001,fb_adset_002,fb_ad_002,23.06.2024,"71,959",5140,61,24,23
meta,fb_camp_001,fb_adset_002,fb_ad_002,12.01.2024,"73,085",5220,63,25,24
meta,fb_camp_001,fb_adset_002,fb_ad_002,27.03.2024,"71,944",5139,62,25,24
meta,fb_camp_001,fb_adset_002,fb_ad_002,08.06.2024,"73,587",5256,63,25,24
meta,fb_camp_001,fb_adset_002,fb_ad_002,09.03.2024,"75,898",5421,65,26,25
meta,fb_camp_001,fb_adset_002,fb_ad_002,29.04.2024,"77,264",5519,66,26,25
meta,fb_camp_001,fb_adset_002,fb_ad_002,24.02.2024,"78,776",5627,67,27,25
meta,fb_camp_001,fb_adset_002,fb_ad_002,12.03.2024,"81,318",5809,69,27,26
meta,fb_camp_001,fb_adset_002,fb_ad_002,25.06.2024,"78,07",5576,67,27,25
meta,fb_camp_001,fb_adset_002,fb_ad_002,27.06.2024,"80,053",5718,69,27,26
meta,fb_camp_001,fb_adset_002,fb_ad_002,06.07.2024,"77,069",5505,66,27,25
meta,fb_camp_001,fb_adset_002,fb_ad_002,14.01.2024,"82,529",5894,71,28,27
meta,fb_camp_001,fb_adset_002,fb_ad_002,04.02.2024,"83,39",5956,72,28,27
meta,fb_camp_001,fb_adset_002,fb_ad_002,03.07.2024,"82,018",5858,70,28,27
meta,fb_camp_001,fb_adset_002,fb_ad_002,05.07.2024,"83,604",5972,72,28,27
meta,fb_camp_001,fb_adset_002,fb_ad_002,13.02.2024,"84,397",6028,72,29,28
meta,fb_camp_001,fb_adset_002,fb_ad_002,02.04.2024,"85,096",6079,73,29,27
meta,fb_camp_001,fb_adset_002,fb_ad_002,16.04.2024,"86,656",6189,75,30,28
meta,fb_camp_001,fb_adset_002,fb_ad_002,07.06.2024,"89,264",6376,76,30,29
meta,fb_camp_001,fb_adset_002,fb_ad_002,30.01.2024,"90,397",6457,78,31,29
meta,fb_camp_001,fb_adset_002,fb_ad_002,09.05.2024,"91,7",6550,79,31,30
meta,fb_camp_001,fb_adset_002,fb_ad_002,18.05.2024,"89,956",6426,77,31,29
meta,fb_camp_001,fb_adset_002,fb_ad_002,11.04.2024,"91,754",6554,79,32,30
meta,fb_camp_001,fb_adset_002,fb_ad_002,28.04.2024,"92,91",6637,80,32,30
meta,fb_camp_001,fb_adset_002,fb_ad_002,19.06.2024,"91,018",6501,78,32,30
meta,fb_camp_001,fb_adset_002,fb_ad_002,21.01.2024,"94,312",6736,81,33,30
meta,fb_camp_001,fb_adset_002,fb_ad_002,13.03.2024,"95,939",6852,83,33,31
meta,fb_camp_001,fb_adset_002,fb_ad_002,15.01.2024,"98,389",7028,84,34,31
meta,fb_camp_001,fb_adset_002,fb_ad_002,08.03.2024,"100,097",7150,86,34,32
meta,fb_camp_001,fb_adset_002,fb_ad_002,20.05.2024,"100,459",7176,86,34,32
meta,fb_camp_001,fb_adset_002,fb_ad_002,16.05.2024,"103,569",7398,89,36,34
meta,fb_camp_001,fb_adset_002,fb_ad_002,26.06.2024,"105,44",7532,90,36,34
meta,fb_camp_001,fb_adset_002,fb_ad_002,08.07.2024,"103,942",7425,89,36,33
meta,fb_camp_001,fb_adset_002,fb_ad_002,09.02.2024,"113,816",8130,98,39,37
meta,fb_camp_001,fb_adset_002,fb_ad_002,03.04.2024,"113,059",8075,97,39,37
meta,fb_camp_001,fb_adset_002,fb_ad_002,11.06.2024,"112,41",8029,96,39,36
meta,fb_camp_001,fb_adset_002,fb_ad_002,02.06.2024,"119,197",8514,102,41,39
meta,fb_camp_001,fb_adset_002,fb_ad_002,03.06.2024,"119,164",8512,102,41,38
meta,fb_camp_001,fb_adset_002,fb_ad_002,05.06.2024,"117,783",8413,101,41,38
meta,fb_camp_002,fb_adset_003,fb_ad_003,03.01.2024,"163,563",11683,140,56,53
meta,fb_camp_002,fb_adset_003,fb_ad_003,15.01.2024,"135,702",9693,116,47,44
meta,fb_camp_002,fb_adset_003,fb_ad_003,16.01.2024,"155,072",11077,133,53,50
meta,fb_camp_002,fb_adset_003,fb_ad_003,17.01.2024,"131,195",9371,113,45,42
meta,fb_camp_002,fb_adset_003,fb_ad_003,22.01.2024,"162,199",11586,139,56,52
meta,fb_camp_002,fb_adset_003,fb_ad_003,13.02.2024,"155,067",11077,133,53,50
meta,fb_camp_002,fb_adset_003,fb_ad_003,14.02.2024,"101,964",7283,87,35,33
meta,fb_camp_002,fb_adset_003,fb_ad_003,02.03.2024,"106,693",7621,91,37,34
meta,fb_camp_002,fb_adset_003,fb_ad_003,05.03.2024,"103,402",7386,89,35,33
meta,fb_camp_002,fb_adset_003,fb_ad_003,06.03.2024,"137,166",9797,117,47,45
meta,fb_camp_002,fb_adset_003,fb_ad_003,10.03.2024,"130,394",9314,112,45,42
meta,fb_camp_002,fb_adset_003,fb_ad_003,16.03.2024,"130,846",9346,112,45,43
meta,fb_camp_002,fb_adset_003,fb_ad_003,17.03.2024,"137,418",9815,118,47,44
meta,fb_camp_002,fb_adset_003,fb_ad_003,28.03.2024,"153,919",10994,132,53,49
meta,fb_camp_002,fb_adset_003,fb_ad_003,10.04.2024,"197,629",14117,169,68,64
meta,fb_camp_002,fb_adset_003,fb_ad_003,12.04.2024,"115,623",8259,99,40,38
meta,fb_camp_002,fb_adset_003,fb_ad_003,13.04.2024,"186,314",13308,160,63,60
meta,fb_camp_002,fb_adset_003,fb_ad_003,25.04.2024,"127,215",9087,109,43,41
meta,fb_camp_002,fb_adset_003,fb_ad_003,27.04.2024,"135,762",9697,116,46,44
meta,fb_camp_002,fb_adset_003,fb_ad_003,11.05.2024,"105,617",7544,90,37,34
meta,fb_camp_002,fb_adset_003,fb_ad_003,02.06.2024,"134,696",9621,115,46,43
meta,fb_camp_002,fb_adset_003,fb_ad_003,14.06.2024,"117,028",8360,100,40,38
meta,fb_camp_002,fb_adset_003,fb_ad_003,28.06.2024,"125,308",8950,108,43,40
meta,fb_camp_002,fb_adset_003,fb_ad_003,02.07.2024,"122,95",8782,105,42,39
meta,fb_camp_002,fb_adset_003,fb_ad_003,08.07.2024,"141,909",10136,122,48,46
meta,fb_camp_002,fb_adset_003,fb_ad_003,12.01.2024,"1,504",107,1,1,0
meta,fb_camp_002,fb_adset_003,fb_ad_003,25.06.2024,"2,772",198,2,1,1
meta,fb_camp_002,fb_adset_003,fb_ad_003,15.02.2024,"4,791",342,5,2,1
meta,fb_camp_002,fb_adset_003,fb_ad_003,08.04.2024,"6,381",456,5,2,2
meta,fb_camp_002,fb_adset_003,fb_ad_003,23.05.2024,"7,287",521,6,2,2
meta,fb_camp_002,fb_adset_003,fb_ad_003,28.02.2024,"7,417",529,7,3,2
meta,fb_camp_002,fb_adset_003,fb_ad_003,18.03.2024,"9,863",705,9,3,3
meta,fb_camp_002,fb_adset_003,fb_ad_003,24.04.2024,"8,701",621,8,3,2
meta,fb_camp_002,fb_adset_003,fb_ad_003,19.01.2024,"11,005",786,10,4,3
meta,fb_camp_002,fb_adset_003,fb_ad_003,11.03.2024,"10,149",725,9,4,3
meta,fb_camp_002,fb_adset_003,fb_ad_003,27.05.2024,"10,924",780,9,4,3
meta,fb_camp_002,fb_adset_003,fb_ad_003,24.01.2024,"15,634",1116,13,5,5
meta,fb_camp_002,fb_adset_003,fb_ad_003,27.01.2024,"14,102",1008,12,5,5
meta,fb_camp_002,fb_adset_003,fb_ad_003,30.01.2024,"13,241",946,12,5,4
meta,fb_camp_002,fb_adset_003,fb_ad_003,08.02.2024,"12,339",881,11,5,4
meta,fb_camp_002,fb_adset_003,fb_ad_003,19.06.2024,"15,164",1083,13,5,5
meta,fb_camp_002,fb_adset_003,fb_ad_003,04.03.2024,"18,073",1291,15,6,6
meta,fb_camp_002,fb_adset_003,fb_ad_003,02.04.2024,"18,067",1291,15,6,6
meta,fb_camp_002,fb_adset_003,fb_ad_003,01.06.2024,"17,165",1226,15,6,6
meta,fb_camp_002,fb_adset_003,fb_ad_003,03.06.2024,"15,841",1131,14,6,5
meta,fb_camp_002,fb_adset_003,fb_ad_003,06.07.2024,"17,53",1253,15,6,6
meta,fb_camp_002,fb_adset_003,fb_ad_003,25.02.2024,"19,102",1364,16,7,7
meta,fb_camp_002,fb_adset_003,fb_ad_003,01.03.2024,"21,644",1546,19,7,7
meta,fb_camp_002,fb_adset_003,fb_ad_003,12.03.2024,"20,231",1445,17,7,7
meta,fb_camp_002,fb_adset_003,fb_ad_003,10.07.2024,"19,205",1372,16,7,6
meta,fb_camp_002,fb_adset_003,fb_ad_003,12.07.2024,"20,651",1475,18,7,6
meta,fb_camp_002,fb_adset_003,fb_ad_003,08.01.2024,"24,015",1715,21,8,8
meta,fb_camp_002,fb_adset_003,fb_ad_003,11.04.2024,"24,21",1729,21,8,7
meta,fb_camp_002,fb_adset_003,fb_ad_003,14.07.2024,"24,639",1759,21,8,7
meta,fb_camp_002,fb_adset_003,fb_ad_003,21.03.2024,"27,011",1929,23,9,9
meta,fb_camp_002,fb_adset_003,fb_ad_003,21.05.2024,"27,468",1962,24,9,9
meta,fb_camp_002,fb_adset_003,fb_ad_003,28.05.2024,"28,27",2019,25,9,9
meta,fb_camp_002,fb_adset_003,fb_ad_003,13.06.2024,"26,674",1905,23,9,8
meta,fb_camp_002,fb_adset_003,fb_ad_003,18.06.2024,"25,518",1823,22,9,8
meta,fb_camp_002,fb_adset_003,fb_ad_003,20.06.2024,"26,757",1911,23,9,8
meta,fb_camp_002,fb_adset_003,fb_ad_003,23.01.2024,"28,826",2059,25,10,9
meta,fb_camp_002,fb_adset_003,fb_ad_003,01.02.2024,"28,56",2040,25,10,9
meta,fb_camp_002,fb_adset_003,fb_ad_003,04.02.2024,"28,565",2040,24,10,9
meta,fb_camp_002,fb_adset_003,fb_ad_003,07.02.2024,"29,778",2127,26,10,9
meta,fb_camp_002,fb_adset_003,fb_ad_003,16.02.2024,"29,475",2105,25,10,10
meta,fb_camp_002,fb_adset_003,fb_ad_003,19.03.2024,"27,11",1936,23,10,9
meta,fb_camp_002,fb_adset_003,fb_ad_003,06.04.2024,"27,593",1971,24,10,9
meta,fb_camp_002,fb_adset_003,fb_ad_003,07.05.2024,"27,994",2000,24,10,9
meta,fb_camp_002,fb_adset_003,fb_ad_003,20.05.2024,"28,759",2054,25,10,9
meta,fb_camp_002,fb_adset_003,fb_ad_003,26.01.2024,"30,231",2159,26,11,9
meta,fb_camp_002,fb_adset_003,fb_ad_003,20.03.2024,"33,172",2370,28,11,10
meta,fb_camp_002,fb_adset_003,fb_ad_003,07.04.2024,"32,318",2308,28,11,10
meta,fb_camp_002,fb_adset_003,fb_ad_003,09.05.2024,"32,144",2296,28,11,10
meta,fb_camp_002,fb_adset_003,fb_ad_003,11.06.2024,"30,166",2154,26,11,10
meta,fb_camp_002,fb_adset_003,fb_ad_003,11.02.2024,"36,602",2614,32,12,12
meta,fb_camp_002,fb_adset_003,fb_ad_003,26.04.2024,"33,075",2363,28,12,11
meta,fb_camp_002,fb_adset_003,fb_ad_003,10.06.2024,"35,77",2555,31,12,11
meta,fb_camp_002,fb_adset_003,fb_ad_003,05.07.2024,"34,46",2461,30,12,11
meta,fb_camp_002,fb_adset_003,fb_ad_003,25.01.2024,"38,372",2741,33,13,13
meta,fb_camp_002,fb_adset_003,fb_ad_003,13.03.2024,"38,993",2785,34,13,12
meta,fb_camp_002,fb_adset_003,fb_ad_003,14.04.2024,"37,181",2656,32,13,12
meta,fb_camp_002,fb_adset_003,fb_ad_003,06.05.2024,"39,751",2839,34,13,13
meta,fb_camp_002,fb_adset_003,fb_ad_003,06.06.2024,"36,325",2595,31,13,12
meta,fb_camp_002,fb_adset_003,fb_ad_003,12.06.2024,"39,045",2789,33,13,13
meta,fb_camp_002,fb_adset_003,fb_ad_003,07.07.2024,"37,577",2684,32,13,12
meta,fb_camp_002,fb_adset_003,fb_ad_003,31.01.2024,"42,528",3038,36,14,14
meta,fb_camp_002,fb_adset_003,fb_ad_003,14.03.2024,"42,57",3041,36,14,14
meta,fb_camp_002,fb_adset_003,fb_ad_003,26.03.2024,"40,388",2885,35,14,13
meta,fb_camp_002,fb_adset_003,fb_ad_003,19.04.2024,"39,644",2832,34,14,13
meta,fb_camp_002,fb_adset_003,fb_ad_003,21.04.2024,"40,402",2886,35,14,13
meta,fb_camp_002,fb_adset_003,fb_ad_003,07.03.2024,"44,681",3192,38,15,14
meta,fb_camp_002,fb_adset_003,fb_ad_003,27.03.2024,"44,358",3168,38,15,15
meta,fb_camp_002,fb_adset_003,fb_ad_003,30.03.2024,"41,653",2975,36,15,14
meta,fb_camp_002,fb_adset_003,fb_ad_003,22.05.2024,"42,572",3041,36,15,14
meta,fb_camp_002,fb_adset_003,fb_ad_003,15.06.2024,"41,862",2990,36,15,13
meta,fb_camp_002,fb_adset_003,fb_ad_003,05.01.2024,"47,754",3411,41,16,16
meta,fb_camp_002,fb_adset_003,fb_ad_003,20.01.2024,"47,481",3392,40,16,15
meta,fb_camp_002,fb_adset_003,fb_ad_003,02.05.2024,"46,66",3333,40,16,15
meta,fb_camp_002,fb_adset_003,fb_ad_003,03.05.2024,"48,436",3460,41,16,15
meta,fb_camp_002,fb_adset_003,fb_ad_003,30.05.2024,"46,794",3342,40,16,15
meta,fb_camp_002,fb_adset_003,fb_ad_003,04.01.2024,"50,287",3592,43,17,16
meta,fb_camp_002,fb_adset_003,fb_ad_003,28.01.2024,"51,147",3653,44,17,16
meta,fb_camp_002,fb_adset_003,fb_ad_003,17.02.2024,"49,222",3516,42,17,16
meta,fb_camp_002,fb_adset_003,fb_ad_003,21.02.2024,"50,522",3608,43,17,16
meta,fb_camp_002,fb_adset_003,fb_ad_003,27.02.2024,"49,329",3524,42,17,16
meta,fb_camp_002,fb_adset_003,fb_ad_003,08.03.2024,"49,102",3507,43,17,16
meta,fb_camp_002,fb_adset_003,fb_ad_003,31.03.2024,"50,173",3584,43,17,16
meta,fb_camp_002,fb_adset_003,fb_ad_003,15.04.2024,"50,227",3587,43,17,16
meta,fb_camp_002,fb_adset_003,fb_ad_003,19.05.2024,"47,977",3427,41,17,16
meta,fb_camp_002,fb_adset_003,fb_ad_003,24.06.2024,"50,336",3596,43,17,16